PLAYER_ID,PLAYER_NAME,NICKNAME,TEAM_ID,TEAM_ABBREVIATION,AGE,GP,W,L,W_PCT,MIN,FGM,FGA,FG_PCT,FG3M,FG3A,FG3_PCT,FTM,FTA,FT_PCT,OREB,DREB,REB,AST,TOV,STL,BLK,BLKA,PF,PFD,PTS,PLUS_MINUS,NBA_FANTASY_PTS,DD2,TD3,WNBA_FANTASY_PTS,FP_HIGH_SCORE,GP_RANK,W_RANK,L_RANK,W_PCT_RANK,MIN_RANK,FGM_RANK,FGA_RANK,FG_PCT_RANK,FG3M_RANK,FG3A_RANK,FG3_PCT_RANK,FTM_RANK,FTA_RANK,FT_PCT_RANK,OREB_RANK,DREB_RANK,REB_RANK,AST_RANK,TOV_RANK,STL_RANK,BLK_RANK,BLKA_RANK,PF_RANK,PFD_RANK,PTS_RANK,PLUS_MINUS_RANK,NBA_FANTASY_PTS_RANK,DD2_RANK,TD3_RANK,WNBA_FANTASY_PTS_RANK,FP_HIGH_SCORE_RANK,TEAM_COUNT,SEASON
201189,Aaron Gray,Aaron,1610612740,NOH,26.0,41,21,20,0.512,530.825,56,99,0.566,0,0,0.0,17,34,0.5,59,112,171,16,32,11,12,12,96,30,129,30,395.2,2,0,362.0,401.0,69,61,37,54,67,66,72,19,26,59,26,72,69,83,60,63,64,68,62,69,80,41,43,76,70,34,68,43,4,67,69,1,2010-11
201143,Al Horford,Al,1610612737,ATL,25.0,77,41,36,0.532,2703.7066666666665,513,921,0.557,2,4,0.5,150,188,0.798,182,536,718,266,119,59,80,36,193,174,1178,44,2736.6,36,0,2442.0,2845.0,21,21,79,51,6,7,11,23,14,18,5,16,24,11,20,5,6,2,16,11,19,75,74,23,9,30,7,6,4,7,7,1,2010-11
2744,Al Jefferson,Al,1610612762,UTA,26.0,82,39,43,0.476,2940.4133333333334,654,1319,0.496,0,0,0.0,220,289,0.761,235,559,794,149,105,46,153,91,238,254,1528,-168,3196.3,37,0,2869.0,3217.0,1,25,89,66,2,2,2,50,26,59,26,10,12,19,5,4,4,10,19,20,5,99,92,13,5,90,4,4,4,5,4,1,2010-11
201582,Alexis Ajinca,Alexis,1610612761,TOR,23.0,34,6,28,0.176,339.84,59,133,0.444,12,34,0.353,13,18,0.722,17,61,78,10,18,11,19,5,73,20,143,7,323.6,0,0,303.0,331.0,77,93,60,102,81,65,62,81,6,7,14,82,85,35,83,79,80,79,79,69,70,21,29,80,67,44,72,63,4,72,73,2,2010-11
2405,Amar'e Stoudemire,Amar'e,1610612752,NYK,28.0,78,39,39,0.5,2870.0116666666668,744,1482,0.502,10,23,0.435,473,597,0.792,198,438,636,202,250,71,150,120,274,473,1971,61,3450.2,26,0,3261.0,3674.0,18,25,86,57,5,1,1,47,7,9,9,2,2,12,18,15,13,5,3,10,6,103,102,2,1,27,2,8,4,2,2,1,2010-11
2760,Anderson Varejao,Anderson,1610612739,CLE,28.0,31,8,23,0.258,993.895,114,216,0.528,0,2,0.0,54,81,0.667,98,203,301,45,40,27,38,21,87,86,282,-171,865.7,7,0,758.0,868.0,79,91,48,94,52,53,53,34,26,29,26,48,48,46,45,42,45,39,57,43,49,60,39,46,51,91,49,30,4,50,49,1,2010-11
200745,Andrea Bargnani,Andrea,1610612761,TOR,25.0,66,19,47,0.288,2353.048333333333,525,1173,0.448,77,223,0.345,287,350,0.82,74,269,343,119,152,34,46,49,160,295,1414,-316,2092.1,2,0,2113.0,2235.0,42,65,91,89,11,6,4,78,4,3,16,6,9,9,52,34,39,17,9,33,40,85,62,9,7,102,17,43,4,13,15,1,2010-11
101106,Andrew Bogut,Andrew,1610612749,MIL,26.0,65,28,37,0.431,2297.3733333333334,367,742,0.495,0,4,0.0,96,217,0.442,199,521,720,131,125,47,168,36,217,243,830,10,2410.5,24,0,2111.0,2457.0,45,46,81,72,14,14,15,51,26,18,26,30,20,92,17,6,5,13,15,18,4,75,86,14,17,41,11,10,4,14,12,1,2010-11
101115,Andrew Bynum,Andrew,1610612747,LAL,23.0,54,36,18,0.667,1500.005,237,413,0.574,0,0,0.0,138,209,0.66,170,338,508,73,74,19,106,31,140,152,612,199,1632.1,17,0,1443.0,1641.0,56,32,32,28,35,29,30,15,26,59,26,21,22,49,24,26,26,28,30,55,15,69,52,26,26,10,28,18,4,29,29,1,2010-11
2740,Andris Biedrins,Andris,1610612744,GSW,25.0,59,26,33,0.441,1397.09,142,266,0.534,0,0,0.0,10,31,0.323,145,281,426,60,57,52,52,14,198,54,294,-234,1150.2,3,0,988.0,1152.0,51,52,69,71,38,42,47,31,26,59,26,87,72,98,29,32,31,33,42,14,35,48,77,58,50,96,35,37,4,37,36,1,2010-11
686,Antonio McDyess,Antonio,1610612759,SAS,36.0,73,54,19,0.74,1386.4616666666666,169,344,0.491,0,1,0.0,52,77,0.675,122,273,395,84,72,36,39,9,163,76,390,134,1143.0,5,0,1019.0,1178.0,30,6,36,14,39,40,38,54,26,39,26,49,49,43,38,33,33,26,32,28,47,35,64,51,40,19,36,33,4,36,35,1,2010-11
1112,Ben Wallace,Ben,1610612765,DET,36.0,54,20,34,0.37,1238.1833333333334,67,149,0.45,1,2,0.5,19,57,0.333,129,221,350,72,44,54,54,14,81,81,154,-171,962.0,1,0,793.0,972.0,56,63,73,82,43,61,59,76,19,29,5,69,56,97,33,39,37,29,53,12,33,48,34,48,65,91,41,50,4,47,43,1,2010-11
1802,Brad Miller,Brad,1610612745,HOU,35.0,60,32,28,0.533,1015.4266666666666,132,296,0.446,40,107,0.374,78,94,0.83,44,178,222,145,54,28,21,21,98,95,382,43,958.9,1,0,887.0,1041.0,49,38,60,49,50,47,43,79,5,5,13,36,43,7,67,48,54,12,47,42,67,60,45,43,41,31,42,50,4,40,38,1,2010-11
2217,Brendan Haywood,Brendan,1610612742,DAL,31.0,72,50,22,0.694,1331.365,128,223,0.574,0,1,0.0,64,177,0.362,129,247,376,19,51,16,74,26,146,145,320,-12,1018.7,2,0,895.0,1004.0,33,11,45,24,40,50,51,14,26,39,26,41,28,96,33,35,34,65,50,59,22,66,56,29,49,53,38,43,4,39,39,1,2010-11
1730,Brian Skinner,Brian,1610612749,MIL,35.0,2,2,0,1.0,5.883333333333334,0,0,0.0,0,0,0.0,0,0,0.0,0,0,0,0,0,0,0,0,0,0,0,-11,0.0,0,0,0.0,0.0,101,99,1,1,102,102,102,102,26,59,26,99,101,99,102,102,102,98,102,98,100,1,1,101,102,51,102,63,4,102,102,1,2010-11
201572,Brook Lopez,Brook,1610612751,NJN,23.0,82,24,58,0.293,2888.755,644,1309,0.492,0,1,0.0,385,489,0.787,197,291,488,129,176,47,120,82,240,366,1673,-315,2777.1,9,0,2624.0,2920.0,1,54,100,87,4,3,3,52,26,39,26,4,4,13,19,31,28,14,5,18,13,97,94,5,3,101,6,25,4,6,6,1,2010-11
201957,Byron Mullens,Byron,1610612760,OKC,22.0,13,8,5,0.615,85.09333333333333,9,28,0.321,0,0,0.0,7,14,0.5,6,18,24,0,8,2,3,2,11,10,25,-18,60.8,0,0,59.0,64.0,94,91,10,32,94,91,89,97,26,59,26,91,90,83,95,92,93,98,89,90,95,11,7,91,92,56,94,63,4,94,94,1,2010-11
101112,Channing Frye,Channing,1610612756,PHX,28.0,77,39,38,0.506,2541.1266666666666,358,829,0.432,171,439,0.39,89,107,0.832,65,448,513,96,73,46,79,14,272,123,976,102,2037.6,8,0,2006.0,2056.0,21,25,83,55,10,17,13,85,1,1,12,33,40,6,55,13,25,22,31,20,21,48,101,32,14,22,18,26,4,16,18,1,2010-11
2365,Chris Andersen,Chris,1610612743,DEN,32.0,45,29,16,0.644,732.32,82,137,0.599,0,1,0.0,86,135,0.637,75,144,219,20,25,23,58,16,79,114,250,90,760.8,2,0,651.0,752.0,66,44,29,30,63,57,61,8,26,39,26,35,35,55,50,56,55,63,73,49,29,54,32,37,56,24,56,43,4,59,59,1,2010-11
202419,Chris Johnson,Chris,1610612757,POR,25.0,14,10,4,0.714,138.88333333333333,9,21,0.429,0,0,0.0,15,20,0.75,12,20,32,3,10,3,9,2,21,14,33,-56,101.9,0,0,92.0,107.0,93,87,7,19,91,91,92,88,26,59,26,74,83,23,90,90,89,91,87,88,82,11,14,87,90,74,90,63,4,90,90,2,2010-11
2549,Chris Kaman,Chris,1610612746,LAC,29.0,32,11,21,0.344,837.54,177,376,0.471,0,0,0.0,43,57,0.754,51,174,225,46,58,16,48,21,75,40,397,-46,870.0,6,0,796.0,906.0,78,84,41,84,59,37,33,63,26,59,26,53,56,20,64,51,53,37,41,59,38,60,30,67,39,70,48,32,4,46,48,1,2010-11
2404,Chris Wilcox,Chris,1610612765,DET,28.0,57,22,35,0.386,994.6933333333334,187,322,0.581,0,1,0.0,50,89,0.562,95,176,271,43,43,29,17,17,145,75,424,-8,908.7,3,0,830.0,919.0,53,58,76,77,51,35,40,13,26,39,26,50,44,71,46,50,48,41,54,40,71,58,55,52,37,49,47,37,4,45,47,1,2010-11
101236,Chuck Hayes,Chuck,1610612745,HOU,28.0,74,41,33,0.554,2079.16,244,463,0.527,0,2,0.0,94,142,0.662,219,380,599,202,86,79,49,72,200,131,582,209,1901.8,11,1,1639.0,1969.0,28,21,69,41,22,28,27,35,26,29,26,31,33,48,8,22,20,5,26,6,37,94,79,30,29,9,22,24,1,25,21,1,2010-11
202332,Cole Aldrich,Cole,1610612760,OKC,22.0,18,11,7,0.611,141.47666666666666,8,15,0.533,0,0,0.0,2,4,0.5,13,22,35,4,8,5,7,2,30,5,18,7,94.0,0,0,81.0,97.0,88,84,11,34,90,93,96,32,26,59,26,96,96,83,89,88,88,86,89,78,86,11,19,97,95,44,91,63,4,92,91,1,2010-11
2788,DJ Mbenga,DJ,1610612740,NOH,30.0,41,20,21,0.488,329.8333333333333,23,49,0.469,0,0,0.0,13,18,0.722,35,51,86,6,21,6,27,3,52,17,59,-36,249.2,0,0,217.0,256.0,69,63,41,62,82,83,83,65,26,59,26,82,85,35,72,80,78,84,77,77,60,15,25,83,84,67,80,63,4,80,80,1,2010-11
2429,Dan Gadzuric,Dan,1610612751,NJN,33.0,42,13,29,0.31,462.695,54,129,0.419,0,1,0.0,10,27,0.37,71,64,135,14,29,13,29,9,91,35,118,-63,398.0,0,0,351.0,407.0,68,81,63,86,73,69,65,90,26,39,26,87,76,94,53,76,66,71,66,68,58,35,41,73,73,76,67,63,4,70,68,2,2010-11
2545,Darko Milicic,Darko,1610612750,MIN,26.0,69,15,54,0.217,1686.2733333333333,271,578,0.469,0,0,0.0,64,115,0.557,133,227,360,104,151,54,140,41,229,102,606,-239,1625.0,5,0,1458.0,1756.0,40,74,96,99,30,24,22,66,26,59,26,41,37,75,32,37,36,21,10,12,9,78,88,39,27,97,29,33,4,28,28,1,2010-11
2431,David Andersen,David,1610612740,NOH,31.0,40,17,23,0.425,372.52166666666665,56,121,0.463,8,23,0.348,14,22,0.636,20,64,84,13,22,5,9,11,40,22,134,20,274.3,0,0,267.0,286.0,72,70,48,73,79,66,66,70,9,9,15,80,80,56,82,76,79,74,76,78,82,40,20,78,68,37,79,63,4,76,78,2,2010-11
101135,David Lee,David,1610612744,GSW,28.0,73,35,38,0.479,2634.285,496,978,0.507,1,3,0.333,210,267,0.787,217,497,714,233,170,74,31,66,211,211,1203,-119,2554.3,37,0,2361.0,2698.0,30,35,83,63,7,8,9,46,19,24,17,13,14,14,9,7,7,3,7,8,53,91,83,18,8,81,8,4,4,8,9,1,2010-11
201599,DeAndre Jordan,DeAndre,1610612746,LAC,22.0,80,31,49,0.388,2046.765,234,341,0.686,0,1,0.0,98,217,0.452,207,368,575,42,101,41,142,28,255,187,566,-100,1767.0,8,0,1549.0,1774.0,11,41,92,76,24,30,39,2,26,39,26,29,20,91,15,23,21,43,21,24,7,68,96,20,31,79,26,26,4,27,27,1,2010-11
201971,DeJuan Blair,DeJuan,1610612759,SAS,22.0,81,60,21,0.741,1733.5233333333333,292,583,0.501,0,2,0.0,90,137,0.657,215,350,565,77,113,95,42,61,213,119,674,135,1765.5,17,0,1590.0,1804.0,6,2,41,13,27,23,21,49,26,29,26,32,34,51,12,25,24,27,18,2,43,89,84,33,24,18,27,18,4,26,26,1,2010-11
202326,DeMarcus Cousins,DeMarcus,1610612758,SAC,20.0,81,23,58,0.284,2309.4266666666667,432,1004,0.43,3,18,0.167,276,402,0.687,217,482,699,204,268,85,68,113,332,373,1143,-268,2478.8,26,0,2355.0,2709.0,6,55,100,91,12,10,8,87,12,11,23,8,6,41,9,10,8,4,2,4,28,102,103,4,10,99,9,8,4,9,8,1,2010-11
2205,DeSagana Diop,DeSagana,1610612766,CHA,29.0,16,6,10,0.375,181.08833333333334,8,24,0.333,0,0,0.0,4,11,0.364,12,28,40,7,11,4,15,1,26,7,20,-40,124.5,0,0,105.0,131.0,90,93,16,79,86,93,90,94,26,59,26,95,93,95,90,86,86,82,84,82,74,6,15,94,93,68,87,63,4,88,86,1,2010-11
202354,Dexter Pittman,Dexter,1610612748,MIA,23.0,2,2,0,1.0,11.233333333333333,1,3,0.333,0,0,0.0,0,0,0.0,1,2,3,0,2,0,0,0,2,0,2,8,3.6,0,0,5.0,5.0,101,99,1,1,101,100,101,94,26,59,26,99,101,99,101,101,101,98,101,98,100,1,2,101,100,43,101,63,4,101,101,1,2010-11
2730,Dwight Howard,Dwight,1610612753,ORL,25.0,78,51,27,0.654,2934.9166666666665,619,1044,0.593,0,7,0.0,546,916,0.596,309,789,1098,107,279,107,186,79,258,765,1784,497,3862.1,66,0,3575.0,3975.0,18,9,56,29,3,4,6,10,26,14,26,1,1,65,2,1,2,18,1,1,3,96,98,1,2,2,1,1,4,1,1,1,2010-11
2853,Earl Barron,Earl,1610612757,POR,29.0,21,10,11,0.476,305.5083333333333,32,99,0.323,0,0,0.0,15,24,0.625,32,44,76,11,16,8,6,9,46,20,79,-34,212.7,0,0,194.0,219.0,86,87,18,64,83,79,72,96,26,59,26,74,78,57,75,83,81,78,81,76,87,35,22,80,79,66,81,63,4,81,81,3,2010-11
2731,Emeka Okafor,Emeka,1610612740,NOH,28.0,72,43,29,0.597,2286.7533333333336,300,524,0.573,0,1,0.0,145,258,0.562,230,454,684,42,119,40,127,68,230,212,745,144,2010.8,23,0,1805.0,2014.0,33,18,63,37,16,22,26,16,26,39,26,17,16,70,6,12,11,43,16,26,12,92,89,17,23,14,19,12,4,19,19,1,2010-11
956,Erick Dampier,Erick,1610612748,MIA,35.0,51,36,15,0.706,814.8016666666666,52,89,0.584,0,1,0.0,24,44,0.545,53,124,177,22,32,14,47,10,82,45,128,111,524.4,1,0,449.0,532.0,61,32,28,21,60,72,77,12,26,39,26,65,63,77,63,60,63,60,62,65,39,39,35,63,72,21,63,50,4,63,63,1,2010-11
2041,Etan Thomas,Etan,1610612737,ATL,33.0,13,6,7,0.462,82.07333333333334,10,21,0.476,0,0,0.0,12,15,0.8,6,17,23,2,5,1,4,3,11,9,32,-26,72.6,0,0,67.0,74.0,94,93,11,68,95,90,92,60,26,59,26,85,89,10,95,94,95,95,94,96,91,15,7,92,91,58,93,63,4,93,93,1,2010-11
101177,Fabricio Oberto,Fabricio,1610612757,POR,36.0,5,4,1,0.8,44.695,3,5,0.6,0,0,0.0,1,2,0.5,3,4,7,0,3,0,0,0,10,2,7,-20,12.4,0,0,14.0,14.0,99,97,5,6,100,97,99,7,26,59,26,98,97,83,98,100,99,98,97,98,100,1,6,99,98,57,100,63,4,100,100,1,2010-11
1922,Francisco Elson,Francisco,1610612762,UTA,35.0,62,34,28,0.548,609.935,54,113,0.478,0,0,0.0,26,31,0.839,35,80,115,33,32,21,14,5,84,38,134,-59,394.5,0,0,352.0,420.0,48,36,60,43,64,69,68,59,26,59,26,64,72,5,72,70,72,47,62,53,78,21,36,70,68,75,69,63,4,69,66,1,2010-11
202081,Garret Siler,Garret,1610612756,PHX,24.0,21,10,11,0.476,101.29333333333334,17,31,0.548,0,0,0.0,11,22,0.5,16,12,28,3,10,1,4,6,20,13,45,-16,88.1,0,0,86.0,94.0,86,87,18,64,92,87,88,28,26,59,26,86,80,83,86,95,91,91,87,96,91,25,13,89,87,55,92,63,4,91,92,1,2010-11
201175,Glen Davis,Glen,1610612738,BOS,25.0,78,54,24,0.692,2297.7766666666666,359,801,0.448,2,15,0.133,195,265,0.736,101,324,425,92,85,78,30,64,231,235,915,141,1802.0,5,0,1650.0,1848.0,18,6,51,25,13,16,14,77,14,13,25,15,15,31,44,28,32,23,27,7,56,90,90,15,16,15,25,33,4,24,25,1,2010-11
202328,Greg Monroe,Greg,1610612765,DET,21.0,80,30,50,0.375,2221.8633333333332,303,550,0.551,0,1,0.0,145,233,0.622,248,353,601,105,81,93,45,68,196,186,751,-135,1962.7,21,0,1733.0,1976.0,11,43,93,79,19,21,25,25,26,39,26,17,17,61,4,24,19,20,28,3,41,92,76,21,21,86,21,13,4,21,20,1,2010-11
202380,Hamady Ndiaye,Hamady,1610612764,WAS,24.0,16,3,13,0.188,80.17666666666666,4,5,0.8,0,0,0.0,6,12,0.5,2,5,7,0,3,2,5,0,18,9,14,-33,40.4,0,0,35.0,42.0,90,98,24,101,96,96,99,1,26,59,26,93,92,83,100,99,99,98,97,90,88,1,11,92,96,63,97,63,4,97,97,1,2010-11
201632,Hamed Haddadi,Hamed,1610612763,MEM,26.0,31,18,13,0.581,168.38666666666666,30,58,0.517,0,1,0.0,15,23,0.652,24,44,68,5,11,2,13,8,29,16,75,48,198.1,1,0,178.0,198.0,79,67,24,38,88,80,81,40,26,39,26,74,79,52,79,83,84,85,84,90,79,31,17,85,80,29,84,50,4,84,84,1,2010-11
201934,Hasheem Thabeet,Hasheem,1610612745,HOU,24.0,47,23,24,0.489,373.31333333333333,17,40,0.425,0,0,0.0,19,35,0.543,24,51,75,4,17,9,16,8,76,35,53,-123,207.0,0,0,182.0,211.0,65,55,51,61,78,87,86,89,26,59,26,69,68,78,79,80,82,86,80,73,72,31,31,73,85,82,83,63,4,83,83,2,2010-11
202355,Hassan Whiteside,Hassan,1610612758,SAC,22.0,1,1,0,1.0,1.7433333333333334,0,0,0.0,0,0,0.0,0,0,0.0,0,0,0,0,0,0,0,0,2,0,0,-4,0.0,0,0,0.0,0.0,103,101,1,1,103,102,102,102,26,59,26,99,101,99,102,102,102,98,102,98,100,1,2,101,102,47,102,63,4,102,102,1,2010-11
200756,Hilton Armstrong,Hilton,1610612737,ATL,26.0,53,15,38,0.283,488.785,37,76,0.487,2,4,0.5,16,33,0.485,42,89,131,14,28,18,21,12,84,46,92,-101,359.2,0,0,317.0,368.0,58,74,83,92,70,77,78,55,14,18,5,73,70,90,69,67,67,71,68,56,67,41,36,61,78,80,71,63,4,71,71,2,2010-11
101133,Ian Mahinmi,Ian,1610612742,DAL,24.0,56,39,17,0.696,487.87833333333333,55,98,0.561,0,2,0.0,63,82,0.768,43,77,120,8,25,14,15,7,105,66,173,67,391.0,1,0,359.0,396.0,54,25,30,22,71,68,75,20,26,29,26,43,47,17,68,71,70,80,73,65,74,27,47,55,61,26,70,50,4,68,70,1,2010-11
201581,JJ Hickson,JJ,1610612739,CLE,22.0,80,19,61,0.238,2256.32,429,936,0.458,0,5,0.0,247,367,0.673,217,478,695,91,173,48,54,111,215,257,1105,-532,2208.5,28,0,2095.0,2288.0,11,65,103,96,17,11,10,74,26,16,26,9,8,45,9,11,9,25,6,15,33,101,85,12,11,103,15,7,4,15,14,1,2010-11
201580,JaVale McGee,JaVale,1610612764,WAS,23.0,79,23,56,0.291,2192.56,332,604,0.55,0,3,0.0,134,230,0.583,223,411,634,38,102,41,193,38,232,202,798,-230,2215.8,21,1,1938.0,2210.0,16,55,98,88,21,20,19,26,26,24,26,25,19,67,7,20,14,45,20,24,2,77,91,19,20,94,14,13,1,17,16,1,2010-11
2048,Jamaal Magloire,Jamaal,1610612748,MIA,33.0,18,14,4,0.778,157.59833333333333,13,22,0.591,0,0,0.0,9,18,0.5,17,44,61,3,5,4,2,2,26,14,35,13,125.7,0,0,111.0,120.0,88,78,7,7,89,89,91,11,26,59,26,89,85,83,83,83,85,91,94,82,97,11,15,87,89,39,86,63,4,86,87,1,2010-11
2260,Jarron Collins,Jarron,1610612757,POR,32.0,28,11,17,0.393,181.36333333333334,6,21,0.286,0,0,0.0,7,10,0.7,14,10,24,2,7,4,1,5,29,21,19,6,58.8,0,0,55.0,62.0,84,84,30,75,85,95,92,98,26,59,26,91,94,40,88,96,93,95,91,82,99,21,17,79,94,46,95,63,4,95,95,2,2010-11
2215,Jason Collins,Jason,1610612737,ATL,32.0,49,27,22,0.551,593.3433333333334,34,71,0.479,1,1,1.0,27,41,0.659,30,72,102,22,26,9,9,8,97,67,96,87,279.4,0,0,257.0,296.0,63,49,45,42,66,78,79,58,19,39,1,62,67,50,76,75,75,60,71,73,82,31,44,54,77,25,78,63,4,78,76,1,2010-11
201160,Jason Smith,Jason,1610612740,NOH,25.0,77,44,33,0.571,1101.825,136,307,0.443,0,2,0.0,59,70,0.843,89,152,241,36,53,26,32,16,150,62,331,-7,795.2,0,0,724.0,818.0,21,16,69,39,49,44,42,82,26,29,26,46,53,4,48,54,50,46,48,44,52,54,58,57,47,48,54,63,4,51,53,1,2010-11
1902,Jeff Foster,Jeff,1610612754,IND,34.0,56,25,31,0.446,939.8633333333333,80,167,0.479,0,3,0.0,27,48,0.563,160,190,350,46,26,24,31,14,127,73,187,50,815.0,0,0,693.0,794.0,54,53,66,70,55,58,56,57,26,24,26,62,60,69,25,45,37,37,71,48,53,48,51,53,59,28,52,63,4,55,55,1,2010-11
979,Jermaine O'Neal,Jermaine,1610612738,BOS,32.0,24,13,11,0.542,431.225,50,109,0.459,0,1,0.0,29,43,0.674,25,63,88,12,27,2,30,7,65,44,129,15,321.6,1,0,293.0,337.0,85,81,18,47,76,73,70,73,26,39,26,60,64,44,78,78,77,76,69,90,56,27,28,64,70,38,73,50,4,73,72,1,2010-11
201149,Joakim Noah,Joakim,1610612741,CHI,26.0,48,36,12,0.75,1575.5283333333334,211,402,0.525,0,1,0.0,139,188,0.739,182,316,498,107,90,48,72,48,156,148,561,178,1589.1,21,0,1406.0,1633.0,64,32,22,11,31,33,32,37,26,39,26,20,24,30,20,29,27,18,24,15,25,83,60,27,32,12,30,13,4,30,30,1,2010-11
693,Joe Smith,Joe,1610612747,LAL,35.0,16,14,2,0.875,69.34833333333333,3,16,0.188,0,0,0.0,2,2,1.0,3,18,21,4,5,0,4,1,13,5,8,-9,46.2,0,0,41.0,49.0,90,78,6,5,98,97,95,100,26,59,26,96,97,1,98,92,96,86,94,98,91,6,9,97,97,50,96,63,4,96,96,2,2010-11
201202,Joel Anthony,Joel,1610612748,MIA,28.0,75,55,20,0.733,1463.0566666666666,53,99,0.535,0,0,0.0,47,73,0.644,104,162,266,24,36,10,93,13,194,65,153,123,781.2,0,0,649.0,776.0,25,4,37,15,36,71,72,30,26,59,26,51,50,54,43,53,49,57,59,71,16,44,75,56,66,20,55,63,4,60,57,1,2010-11
2038,Joel Przybilla,Joel,1610612766,CHA,31.0,36,18,18,0.5,519.7633333333333,25,44,0.568,0,0,0.0,14,27,0.519,37,108,145,13,29,5,15,7,79,37,64,-74,288.5,0,0,262.0,295.0,75,67,32,57,69,82,84,17,26,59,26,80,76,81,70,64,65,74,66,78,74,27,32,71,82,78,76,63,4,77,77,2,2010-11
101130,Johan Petro,Johan,1610612751,NJN,25.0,77,22,55,0.286,893.4133333333333,129,290,0.445,0,4,0.0,15,28,0.536,62,150,212,44,46,34,34,3,178,37,273,-156,751.4,0,0,665.0,777.0,21,58,97,90,56,49,45,80,26,18,26,74,75,79,57,55,57,40,52,33,51,15,67,71,53,89,58,63,4,57,56,1,2010-11
201941,Jordan Hill,Jordan,1610612745,HOU,23.0,72,38,34,0.528,1124.4966666666667,173,352,0.491,0,2,0.0,60,85,0.706,128,178,306,29,62,14,52,25,157,78,406,-153,952.7,2,0,873.0,968.0,33,30,73,52,48,38,37,53,26,29,26,45,46,39,36,48,43,50,39,65,35,63,61,49,38,88,43,43,4,41,44,1,2010-11
2570,Kendrick Perkins,Kendrick,1610612760,OKC,26.0,29,21,8,0.724,742.0133333333333,67,130,0.515,0,0,0.0,40,72,0.556,62,170,232,26,56,9,26,19,91,53,174,96,540.4,1,0,502.0,563.0,82,61,13,18,62,61,64,42,26,59,26,55,52,76,57,52,52,53,43,73,61,59,41,59,60,23,62,50,4,62,62,2,2010-11
201567,Kevin Love,Kevin,1610612750,MIN,22.0,73,17,56,0.233,2610.5433333333335,482,1026,0.47,88,211,0.417,424,499,0.85,330,782,1112,184,155,45,28,96,148,421,1476,-272,3150.4,64,0,3006.0,3175.0,30,70,98,97,8,9,7,64,3,4,11,3,3,3,1,2,1,8,8,22,59,100,57,3,6,100,5,2,4,4,5,1,2010-11
201585,Kosta Koufos,Kosta,1610612743,DEN,22.0,50,17,33,0.34,433.6,68,150,0.453,0,2,0.0,24,43,0.558,57,73,130,7,31,10,25,15,59,31,160,-51,400.5,0,0,367.0,409.0,62,70,69,85,75,60,58,75,26,29,26,65,64,73,62,74,68,82,65,71,62,52,26,75,64,72,66,63,4,66,67,2,2010-11
703,Kurt Thomas,Kurt,1610612741,CHI,38.0,52,39,13,0.75,1178.1533333333334,95,186,0.511,1,1,1.0,20,32,0.625,75,226,301,60,42,32,42,5,164,77,211,158,842.2,0,0,721.0,854.0,60,25,24,11,45,56,55,44,19,39,1,67,71,57,50,38,45,33,55,37,43,21,65,50,58,13,51,63,4,52,50,1,2010-11
2198,Kwame Brown,Kwame,1610612766,CHA,29.0,66,27,39,0.409,1714.165,194,375,0.517,0,0,0.0,136,231,0.589,147,303,450,43,69,26,39,42,174,231,524,-233,1254.5,8,0,1147.0,1255.0,42,49,86,74,29,34,34,39,26,59,26,23,18,66,28,30,30,41,35,44,47,80,66,16,34,95,33,26,4,33,33,1,2010-11
201178,Kyrylo Fesenko,Kyrylo,1610612762,UTA,24.0,53,29,24,0.547,455.94,44,100,0.44,0,1,0.0,18,46,0.391,34,74,108,18,25,4,16,9,90,39,106,38,297.6,0,0,272.0,310.0,58,44,51,44,74,75,71,83,26,39,26,71,61,93,74,73,74,67,73,82,72,35,40,68,75,32,75,63,4,75,75,1,2010-11
202336,Larry Sanders,Larry,1610612749,MIL,22.0,60,28,32,0.467,872.1616666666666,116,268,0.433,0,0,0.0,28,50,0.56,59,119,178,16,38,22,72,13,117,39,260,-145,741.6,1,0,642.0,752.0,49,46,67,67,58,52,46,84,26,59,26,61,59,72,60,61,61,68,58,51,25,44,49,68,55,87,59,50,4,61,59,1,2010-11
201188,Marc Gasol,Marc,1610612763,MEM,26.0,81,46,35,0.568,2586.4566666666665,364,691,0.527,3,7,0.429,220,294,0.748,154,415,569,200,146,74,136,56,265,338,951,138,2417.8,14,0,2143.0,2550.0,6,14,76,40,9,15,16,36,12,14,10,10,11,26,26,19,23,7,11,8,10,86,99,7,15,16,10,21,4,11,10,1,2010-11
101162,Marcin Gortat,Marcin,1610612756,PHX,27.0,80,43,37,0.538,2032.8916666666667,338,603,0.561,1,4,0.25,140,193,0.725,148,483,631,70,81,36,91,57,188,182,817,23,1979.2,24,0,1773.0,1969.0,11,18,81,48,25,18,20,21,19,18,20,19,23,34,27,9,15,30,28,28,18,88,73,22,18,36,20,10,4,20,21,2,2010-11
948,Marcus Camby,Marcus,1610612757,POR,37.0,59,32,27,0.542,1540.375,117,294,0.398,0,1,0.0,43,70,0.614,182,424,606,121,62,40,92,8,140,86,277,29,1519.7,8,0,1268.0,1521.0,51,38,56,46,33,51,44,91,26,39,26,53,53,63,20,18,18,15,39,26,17,31,52,46,52,35,32,26,4,32,32,1,2010-11
2588,Matt Bonner,Matt,1610612759,SAS,31.0,66,48,18,0.727,1431.7116666666666,172,371,0.464,105,230,0.457,32,43,0.744,60,179,239,60,27,26,21,7,110,41,481,256,971.8,1,0,979.0,981.0,42,12,32,17,37,39,35,69,2,2,8,59,64,28,59,46,51,33,69,44,67,27,48,66,35,6,40,50,4,38,42,1,2010-11
2246,Mehmet Okur,Mehmet,1610612762,UTA,32.0,13,5,8,0.385,168.43,22,62,0.355,5,16,0.313,15,20,0.75,9,21,30,19,7,4,4,3,18,12,64,-33,145.5,0,0,134.0,156.0,94,96,13,78,87,84,80,93,10,12,19,74,83,23,92,89,90,65,91,82,91,15,11,90,82,63,85,63,4,85,85,1,2010-11
2408,Melvin Ely,Melvin,1610612743,DEN,33.0,30,18,12,0.6,366.475,28,51,0.549,0,0,0.0,13,21,0.619,27,47,74,14,14,4,11,6,50,20,69,9,209.8,0,0,187.0,216.0,81,67,22,35,80,81,82,27,26,59,26,82,82,62,77,82,83,71,82,82,81,25,24,80,81,42,82,63,4,82,82,1,2010-11
1737,Nazr Mohammed,Nazr,1610612760,OKC,33.0,75,40,35,0.533,1279.6,234,448,0.522,0,1,0.0,67,112,0.598,140,228,368,23,70,30,56,48,184,100,535,12,1199.1,3,0,1098.0,1207.0,25,24,76,49,41,30,29,38,26,39,26,40,39,64,31,36,35,58,34,39,31,83,69,41,33,40,34,37,4,34,34,2,2010-11
2420,Nenad Krstic,Nenad,1610612738,BOS,27.0,71,44,27,0.62,1571.0666666666666,231,452,0.511,0,0,0.0,113,146,0.774,124,211,335,27,56,26,25,35,184,119,575,38,1114.5,3,0,1039.0,1117.0,37,16,56,31,32,32,28,43,26,59,26,26,31,16,37,41,40,51,43,44,62,74,69,33,30,32,37,37,4,35,37,2,2010-11
2403,Nene,ene,1610612743,DEN,28.0,75,46,29,0.613,2290.7966666666666,402,654,0.615,1,5,0.2,286,402,0.711,145,426,571,149,134,84,73,56,238,330,1091,320,2336.7,14,0,2126.0,2431.0,25,14,63,33,15,13,17,6,19,16,22,7,6,38,29,17,22,10,13,5,23,86,92,8,12,3,13,21,4,12,13,1,2010-11
2555,Nick Collison,Nick,1610612760,OKC,30.0,71,48,23,0.676,1523.73,137,242,0.566,0,0,0.0,55,73,0.753,119,197,316,69,55,42,31,25,210,118,329,309,975.7,1,0,860.0,1002.0,37,12,48,26,34,43,49,18,26,59,26,47,50,22,39,43,42,31,46,23,53,63,82,35,48,4,39,50,4,42,40,1,2010-11
201593,Nikola Pekovic,Nikola,1610612750,MIN,25.0,65,15,50,0.231,887.4083333333333,136,263,0.517,0,0,0.0,87,114,0.763,90,103,193,27,91,18,35,34,181,107,359,-215,699.1,1,0,685.0,765.0,45,74,93,98,57,44,48,41,26,59,26,34,38,18,47,65,59,51,23,56,50,71,68,38,44,93,61,50,4,56,58,1,2010-11
201600,Omer Asik,Omer,1610612741,CHI,24.0,82,62,20,0.756,989.4483333333334,78,141,0.553,0,0,0.0,73,145,0.503,112,194,306,32,64,20,56,26,153,116,229,234,808.2,1,0,719.0,827.0,1,1,37,9,54,59,60,24,26,59,26,38,32,82,41,44,43,48,38,54,31,66,59,36,57,7,53,50,4,53,52,1,2010-11
2200,Pau Gasol,Pau,1610612747,LAL,30.0,82,57,25,0.695,3037.0833333333335,593,1120,0.529,1,3,0.333,354,430,0.823,268,568,836,273,142,48,130,85,203,363,1541,534,3345.7,43,1,3007.0,3457.0,1,3,55,23,1,5,5,33,19,24,17,5,5,8,3,3,3,1,12,15,11,98,81,6,4,1,3,3,1,3,3,1,2010-11
201577,Robin Lopez,Robin,1610612756,PHX,23.0,67,33,34,0.493,991.125,179,357,0.501,0,0,0.0,74,100,0.74,82,134,216,8,48,18,45,42,143,96,432,-46,844.2,2,0,782.0,853.0,41,37,73,60,53,36,36,48,26,59,26,37,41,29,49,58,56,80,51,56,41,80,54,42,36,70,50,43,4,48,51,1,2010-11
101142,Ronny Turiaf,Ronny,1610612752,NYK,28.0,64,32,32,0.5,1140.6933333333334,103,163,0.632,0,0,0.0,61,98,0.622,64,143,207,92,41,35,73,16,160,87,267,-11,936.4,2,0,782.0,982.0,47,38,67,57,47,55,57,5,26,59,26,44,42,60,56,57,58,23,56,32,23,54,62,45,54,51,44,43,4,48,41,1,2010-11
201579,Roy Hibbert,Roy,1610612754,IND,24.0,81,37,44,0.457,2244.0216666666665,410,890,0.461,0,4,0.0,205,275,0.745,182,428,610,166,185,33,142,75,256,285,1025,-29,2346.0,21,0,2151.0,2492.0,6,31,90,69,18,12,12,72,26,18,26,14,13,27,20,16,17,9,4,36,7,95,97,10,13,61,12,13,4,10,11,1,2010-11
200797,Ryan Hollins,Ryan,1610612739,CLE,26.0,70,17,53,0.243,1181.5816666666667,131,219,0.598,0,0,0.0,111,163,0.681,70,116,186,26,67,22,42,31,199,162,373,-129,760.2,0,0,713.0,803.0,39,70,95,95,44,48,52,9,26,59,26,27,29,42,54,62,60,53,37,51,43,69,78,25,42,84,57,63,4,54,54,1,2010-11
2223,Samuel Dalembert,Samuel,1610612758,SAC,31.0,80,22,58,0.275,1937.4616666666666,268,567,0.473,0,2,0.0,108,148,0.73,212,445,657,67,132,36,116,34,225,130,644,-252,1856.9,16,0,1672.0,1891.0,11,58,100,93,26,25,24,62,26,29,26,28,30,33,14,14,12,32,14,28,14,71,87,31,25,98,24,20,4,23,23,1,2010-11
1752,Sean Marks,Sean,1610612757,POR,35.0,29,15,14,0.517,208.45833333333334,19,44,0.432,2,2,1.0,5,8,0.625,16,24,40,4,11,3,5,1,44,6,45,-73,112.0,0,0,107.0,117.0,82,74,27,53,84,85,84,86,14,29,1,94,95,57,86,87,86,86,84,88,88,6,21,95,87,77,88,63,4,87,88,1,2010-11
201623,Semih Erden,Semih,1610612739,CLE,24.0,41,31,10,0.756,594.8816666666667,62,111,0.559,0,0,0.0,39,60,0.65,37,81,118,20,34,15,24,16,104,52,163,-33,417.6,0,0,379.0,438.0,69,41,16,9,65,64,69,22,26,59,26,56,55,53,70,69,71,63,61,62,65,54,46,60,62,63,64,63,4,64,64,2,2010-11
201586,Serge Ibaka,Serge,1610612760,OKC,21.0,82,55,27,0.671,2215.7083333333335,335,617,0.543,0,1,0.0,138,184,0.75,214,408,622,22,71,31,198,34,267,148,808,137,2203.4,12,0,1910.0,2161.0,1,4,56,27,20,19,18,29,26,39,26,21,26,23,13,21,16,60,33,38,1,71,100,27,19,17,16,23,4,18,17,1,2010-11
406,Shaquille O'Neal,Shaquille,1610612738,BOS,39.0,37,28,9,0.757,751.575,134,201,0.667,0,0,0.0,73,131,0.557,48,130,178,26,56,16,42,13,120,101,341,193,711.6,3,0,661.0,745.0,74,46,15,8,61,46,54,3,26,59,26,38,36,74,65,59,61,53,43,59,43,44,50,40,46,11,60,37,4,58,61,1,2010-11
202374,Solomon Alabi,Solomon,1610612761,TOR,23.0,12,1,11,0.083,59.01,3,15,0.2,0,0,0.0,0,2,0.0,7,7,14,2,3,2,2,3,5,1,6,-13,34.8,0,0,30.0,36.0,97,101,18,103,99,97,96,99,26,59,26,99,97,99,93,97,97,95,97,90,97,15,4,100,99,54,99,63,4,99,99,1,2010-11
201150,Spencer Hawes,Spencer,1610612755,PHI,23.0,81,41,40,0.506,1718.2883333333334,264,568,0.465,9,37,0.243,47,88,0.534,129,336,465,121,97,29,71,41,201,90,584,-54,1526.5,7,0,1379.0,1591.0,6,21,88,56,28,27,23,68,8,6,21,51,45,80,33,27,29,15,22,40,27,78,80,44,28,73,31,30,4,31,31,1,2010-11
689,Theo Ratliff,Theo,1610612747,LAL,38.0,10,10,0,1.0,70.50166666666667,1,6,0.167,0,0,0.0,0,2,0.0,6,7,13,3,3,2,5,1,7,6,2,-27,40.1,0,0,32.0,42.0,98,87,1,1,97,100,98,101,26,59,26,99,97,99,95,97,98,91,97,90,88,6,5,95,100,59,98,63,4,98,97,1,2010-11
202389,Timofey Mozgov,Timofey,1610612743,DEN,24.0,45,27,18,0.6,524.095,63,133,0.474,0,0,0.0,37,52,0.712,46,75,121,15,35,15,25,15,84,46,163,-42,415.7,1,0,379.0,434.0,66,49,32,35,68,63,62,61,26,59,26,57,58,37,66,72,69,70,60,62,62,52,36,61,62,69,65,50,4,64,65,2,2010-11
1499,Tony Battie,Tony,1610612755,PHI,35.0,38,14,24,0.368,376.9916666666667,45,96,0.469,2,3,0.667,8,14,0.571,17,82,99,12,12,5,15,1,59,15,100,-32,284.8,0,0,253.0,283.0,73,78,51,83,77,74,76,67,14,24,4,90,90,68,83,68,76,76,83,78,74,6,26,86,76,62,77,63,4,79,79,1,2010-11
2211,Troy Murphy,Troy,1610612738,BOS,31.0,35,13,22,0.371,465.9066666666667,42,114,0.368,5,33,0.152,20,30,0.667,22,91,113,23,20,15,3,13,47,26,109,-125,313.1,0,0,286.0,322.0,76,81,45,81,72,76,67,92,10,8,24,67,74,46,81,66,73,58,78,62,95,44,23,77,74,83,74,63,4,74,74,2,2010-11
2199,Tyson Chandler,Tyson,1610612742,DAL,28.0,74,54,20,0.73,2058.5116666666668,266,407,0.654,0,0,0.0,216,295,0.732,206,486,692,32,88,36,80,25,240,258,748,295,1886.4,18,0,1704.0,1852.0,28,6,37,16,23,26,31,4,26,59,26,12,10,32,16,8,10,48,25,28,19,63,94,11,22,5,23,17,4,22,24,1,2010-11
2397,Yao Ming,ao Ming,1610612745,HOU,30.0,5,1,4,0.2,90.51833333333333,18,37,0.486,0,0,0.0,15,16,0.938,7,20,27,4,7,0,8,3,13,17,51,-27,106.4,0,0,98.0,110.0,99,101,7,100,93,86,87,56,26,59,26,74,88,2,93,90,92,86,91,98,85,15,9,83,86,59,89,63,4,89,89,1,2010-11
2585,Zaza Pachulia,Zaza,1610612737,ATL,27.0,79,43,36,0.544,1243.7816666666668,107,232,0.461,0,0,0.0,135,179,0.754,119,214,333,58,69,34,22,44,184,163,349,-132,934.6,4,0,852.0,966.0,16,18,79,45,42,54,50,71,26,59,26,24,27,21,39,40,41,36,35,33,66,82,69,24,45,85,45,36,4,43,45,1,2010-11
980,Zydrunas Ilgauskas,Zydrunas,1610612748,MIA,36.0,72,51,21,0.708,1145.3533333333332,162,319,0.508,0,1,0.0,36,46,0.783,108,179,287,26,52,23,58,12,185,43,360,212,934.4,3,0,835.0,942.0,33,9,41,20,46,41,41,45,26,39,26,58,61,15,42,46,47,53,49,49,29,41,72,65,43,8,46,37,4,44,46,1,2010-11
